event_message,id,identifier,method,path,search,status_code,timestamp
GET | 200 | 54.255.213.235 | 9c87d42e8e633e5f | https://grfkmbrhbvcyahflqttl.supabase.co/auth/v1/health | @supabase-infra/mgmt-api/37c3047,2d11a482-99c3-4cd8-89bb-bcde7e8bc05f,grfkmbrhbvcyahflqttl,GET,/auth/v1/health,null,200,1770183579944000
GET | 200 | 211.246.68.200 | 9c87d3e9ebc6e879 | https://grfkmbrhbvcyahflqttl.supabase.co/auth/v1/user | node,3becea9e-d288-45c9-811b-cae7f0f610c8,grfkmbrhbvcyahflqttl,GET,/auth/v1/user,null,200,1770183568959000
GET | 200 | 211.246.68.200 | 9c87d3e9cde3d5ad | https://grfkmbrhbvcyahflqttl.supabase.co/auth/v1/user | node,7a158be9-a51c-4daf-a54d-76a2b8c8c35e,grfkmbrhbvcyahflqttl,GET,/auth/v1/user,null,200,1770183568932000
GET | 200 | 211.246.68.200 | 9c87d3e50c8c3058 | https://grfkmbrhbvcyahflqttl.supabase.co/auth/v1/user | node,ba3bda04-34f3-46d4-b61f-124829b4776e,grfkmbrhbvcyahflqttl,GET,/auth/v1/user,null,200,1770183568173000
GET | 200 | 211.246.68.200 | 9c87d3e1cf61aa7e | https://grfkmbrhbvcyahflqttl.supabase.co/auth/v1/user | node,11fef044-69b3-40ff-9dbd-fcc3dcb914f2,grfkmbrhbvcyahflqttl,GET,/auth/v1/user,null,200,1770183567652000
GET | 200 | 211.246.68.200 | 9c87d3e0ea27ea19 | https://grfkmbrhbvcyahflqttl.supabase.co/auth/v1/user | node,747fa17a-5324-49af-a2cf-dde8ebda3f58,grfkmbrhbvcyahflqttl,GET,/auth/v1/user,null,200,1770183567508000
GET | 200 | 211.246.68.200 | 9c87d3e0490fd5ad | https://grfkmbrhbvcyahflqttl.supabase.co/auth/v1/user | node,7118cc8f-07ac-4c91-a6ea-4fa9d9cde9e5,grfkmbrhbvcyahflqttl,GET,/auth/v1/user,null,200,1770183567412000
GET | 200 | 211.246.68.200 | 9c87d3deec2fd5ad | https://grfkmbrhbvcyahflqttl.supabase.co/auth/v1/user | node,49403323-ce1b-4900-887b-2d4a88966f86,grfkmbrhbvcyahflqttl,GET,/auth/v1/user,null,200,1770183567190000
GET | 200 | 211.246.68.200 | 9c87d3deed373058 | https://grfkmbrhbvcyahflqttl.supabase.co/auth/v1/user | node,26923e15-9c8f-4bfe-9f7c-84a77f84fbdf,grfkmbrhbvcyahflqttl,GET,/auth/v1/user,null,200,1770183567189000
GET | 200 | 211.246.68.200 | 9c87d3dd7e93ea19 | https://grfkmbrhbvcyahflqttl.supabase.co/auth/v1/user | node,79c2aae0-5995-4d05-86ba-40c144071f7b,grfkmbrhbvcyahflqttl,GET,/auth/v1/user,null,200,1770183566965000
GET | 200 | 211.246.68.200 | 9c87d3dae97be879 | https://grfkmbrhbvcyahflqttl.supabase.co/auth/v1/user | node,e546f457-cda4-498f-88de-20fc2cd0c6b3,grfkmbrhbvcyahflqttl,GET,/auth/v1/user,null,200,1770183566553000
GET | 200 | 211.246.68.200 | 9c87d3dacdf0d5ad | https://grfkmbrhbvcyahflqttl.supabase.co/auth/v1/user | node,6448170d-9533-41bb-a362-0dbe380dfdbc,grfkmbrhbvcyahflqttl,GET,/auth/v1/user,null,200,1770183566534000
GET | 200 | 211.246.68.200 | 9c87d3dabe6eaa7e | https://grfkmbrhbvcyahflqttl.supabase.co/auth/v1/user | node,80bdee82-9ec1-4102-ba50-d137ccd34267,grfkmbrhbvcyahflqttl,GET,/auth/v1/user,null,200,1770183566530000
GET | 200 | 211.246.68.200 | 9c87d3da8e0bea19 | https://grfkmbrhbvcyahflqttl.supabase.co/auth/v1/user | node,55ea0549-b358-421f-b84d-f21ac62c6755,grfkmbrhbvcyahflqttl,GET,/auth/v1/user,null,200,1770183566491000
GET | 200 | 211.246.68.200 | 9c87d3d7fcc2d5ad | https://grfkmbrhbvcyahflqttl.supabase.co/auth/v1/user | node,c4f31391-da1a-480d-b16e-8e13c0bbe429,grfkmbrhbvcyahflqttl,GET,/auth/v1/user,null,200,1770183566081000
GET | 200 | 211.246.68.200 | 9c87d3d71cdd3058 | https://grfkmbrhbvcyahflqttl.supabase.co/auth/v1/user | node,7806f3b8-1b2f-4189-871c-b25cdbafc55c,grfkmbrhbvcyahflqttl,GET,/auth/v1/user,null,200,1770183565943000
GET | 200 | 211.246.68.200 | 9c87d3d67d2fe879 | https://grfkmbrhbvcyahflqttl.supabase.co/auth/v1/user | node,07e092f1-0903-4269-b9cd-376391210af5,grfkmbrhbvcyahflqttl,GET,/auth/v1/user,null,200,1770183565844000
GET | 200 | 211.246.68.200 | 9c87d3d55cdfd5ad | https://grfkmbrhbvcyahflqttl.supabase.co/auth/v1/user | node,a19a6e10-c5a1-4ae1-ae22-cae0e25e6e23,grfkmbrhbvcyahflqttl,GET,/auth/v1/user,null,200,1770183565660000
GET | 200 | 211.246.68.200 | 9c87d3d2df653058 | https://grfkmbrhbvcyahflqttl.supabase.co/auth/v1/user | node,455bcf1d-f0d5-45be-8978-8049f6f5a6c7,grfkmbrhbvcyahflqttl,GET,/auth/v1/user,null,200,1770183565266000
GET | 200 | 211.246.68.200 | 9c87d3d29a98e879 | https://grfkmbrhbvcyahflqttl.supabase.co/auth/v1/user | node,aff8a980-48e8-4b7b-934f-2febe5882a84,grfkmbrhbvcyahflqttl,GET,/auth/v1/user,null,200,1770183565220000
GET | 200 | 211.246.68.200 | 9c87d3d28bffd5ad | https://grfkmbrhbvcyahflqttl.supabase.co/auth/v1/user | node,628cf258-9f89-43e9-93cb-36d2601a0412,grfkmbrhbvcyahflqttl,GET,/auth/v1/user,null,200,1770183565218000
GET | 200 | 211.246.68.200 | 9c87d3cd8bcde879 | https://grfkmbrhbvcyahflqttl.supabase.co/auth/v1/user | node,fb8e289e-7b70-4e9f-bb80-d1fc9fc911f9,grfkmbrhbvcyahflqttl,GET,/auth/v1/user,null,200,1770183564411000
GET | 200 | 211.246.68.200 | 9c87d3cd4a7ed5ad | https://grfkmbrhbvcyahflqttl.supabase.co/auth/v1/user | node,79c84919-7ce6-4c5b-b6cc-aaedf943cfea,grfkmbrhbvcyahflqttl,GET,/auth/v1/user,null,200,1770183564368000
GET | 200 | 211.246.68.200 | 9c87d3cb6eae3058 | https://grfkmbrhbvcyahflqttl.supabase.co/auth/v1/user | node,4da10f13-c22c-411e-961e-5386d69a1a1b,grfkmbrhbvcyahflqttl,GET,/auth/v1/user,null,200,1770183564075000
GET | 200 | 211.246.68.200 | 9c87d3c9d939c441 | https://grfkmbrhbvcyahflqttl.supabase.co/auth/v1/user | node,789122c2-6b5d-4c6c-bc70-0122c611a033,grfkmbrhbvcyahflqttl,GET,/auth/v1/user,null,200,1770183563825000
GET | 200 | 211.246.68.200 | 9c87d3c98bacaa7e | https://grfkmbrhbvcyahflqttl.supabase.co/auth/v1/user | node,dd1bf093-5711-44dd-afcd-686263d2fa55,grfkmbrhbvcyahflqttl,GET,/auth/v1/user,null,200,1770183563776000
GET | 200 | 211.246.68.200 | 9c87d3c95a1aea19 | https://grfkmbrhbvcyahflqttl.supabase.co/auth/v1/user | node,9a6ef9be-8bd1-4e78-9f87-8297a22695bb,grfkmbrhbvcyahflqttl,GET,/auth/v1/user,null,200,1770183563741000
GET | 200 | 211.246.68.200 | 9c87d3c94886e879 | https://grfkmbrhbvcyahflqttl.supabase.co/auth/v1/user | node,910595cc-8e71-46b8-adb9-9f5cb11216b8,grfkmbrhbvcyahflqttl,GET,/auth/v1/user,null,200,1770183563733000
GET | 200 | 211.246.68.200 | 9c87d3c6d9c8e879 | https://grfkmbrhbvcyahflqttl.supabase.co/auth/v1/user | node,50a6f72e-df2a-4dbc-b2e4-53c2506c0f59,grfkmbrhbvcyahflqttl,GET,/auth/v1/user,null,200,1770183563346000
GET | 200 | 211.246.68.200 | 9c87d3c6da8eea19 | https://grfkmbrhbvcyahflqttl.supabase.co/auth/v1/user | node,e1b821bf-b329-4e6d-a818-efff9346df9d,grfkmbrhbvcyahflqttl,GET,/auth/v1/user,null,200,1770183563345000
GET | 200 | 211.246.68.200 | 9c87d3c5bf5faa7e | https://grfkmbrhbvcyahflqttl.supabase.co/auth/v1/user | node,5d3d74a1-6f58-4382-9281-cd3082fb555d,grfkmbrhbvcyahflqttl,GET,/auth/v1/user,null,200,1770183563161000
GET | 200 | 211.246.68.200 | 9c87d3c48cd9c441 | https://grfkmbrhbvcyahflqttl.supabase.co/auth/v1/user | node,a2e8d42e-043a-450d-a527-fb40d8aa8167,grfkmbrhbvcyahflqttl,GET,/auth/v1/user,null,200,1770183562973000
GET | 200 | 211.246.68.200 | 9c87d3c26d81e879 | https://grfkmbrhbvcyahflqttl.supabase.co/auth/v1/user | node,23ef3065-7954-4642-8b28-1521d5a28033,grfkmbrhbvcyahflqttl,GET,/auth/v1/user,null,200,1770183562634000
GET | 200 | 211.246.68.200 | 9c87d3c21ea5d5ad | https://grfkmbrhbvcyahflqttl.supabase.co/auth/v1/user | node,552ae689-0b07-4453-a14a-d6cacf2bb9e0,grfkmbrhbvcyahflqttl,GET,/auth/v1/user,null,200,1770183562582000
GET | 200 | 211.246.68.200 | 9c87d3c16ae0c441 | https://grfkmbrhbvcyahflqttl.supabase.co/auth/v1/user | node,4722da8c-a76d-4c1b-91a0-88aae54efcd7,grfkmbrhbvcyahflqttl,GET,/auth/v1/user,null,200,1770183562476000
GET | 200 | 211.246.68.200 | 9c87d3c139a4aa7e | https://grfkmbrhbvcyahflqttl.supabase.co/auth/v1/user | node,e0d3d497-c3dc-4121-b17d-379c51c6e8a9,grfkmbrhbvcyahflqttl,GET,/auth/v1/user,null,200,1770183562445000
"GET | 200 | 211.246.68.200 | 9c87d3c11c845b64 | https://grfkmbrhbvcyahflqttl.supabase.co/auth/v1/user | Mozilla/5.0 (Windows NT 10.0; Win64; x64) AppleWebKit/537.36 (KHTML, like Gecko) Chrome/144.0.0.0 Safari/537.36",dcd05e80-5605-4a62-ac02-1fdc566a70fe,grfkmbrhbvcyahflqttl,GET,/auth/v1/user,null,200,1770183562424000
GET | 200 | 211.246.68.200 | 9c87d3c0d941ea19 | https://grfkmbrhbvcyahflqttl.supabase.co/auth/v1/user | node,7510ea14-5a01-43ec-93a4-30cffa07d363,grfkmbrhbvcyahflqttl,GET,/auth/v1/user,null,200,1770183562382000
GET | 200 | 211.246.68.200 | 9c87d3c07fa1e879 | https://grfkmbrhbvcyahflqttl.supabase.co/auth/v1/user | node,faafec51-46d0-4500-bf2b-34655f468bae,grfkmbrhbvcyahflqttl,GET,/auth/v1/user,null,200,1770183562324000
"GET | 200 | 211.246.68.200 | 9c87d3bead905b64 | https://grfkmbrhbvcyahflqttl.supabase.co/auth/v1/user | Mozilla/5.0 (Windows NT 10.0; Win64; x64) AppleWebKit/537.36 (KHTML, like Gecko) Chrome/144.0.0.0 Safari/537.36",82e33412-8df1-48a6-b494-6ae8e5a4d7d1,grfkmbrhbvcyahflqttl,GET,/auth/v1/user,null,200,1770183562036000
GET | 200 | 211.246.68.200 | 9c87d3bbca1be879 | https://grfkmbrhbvcyahflqttl.supabase.co/auth/v1/user | node,a4bc529f-c78a-4107-9bb6-45ca62f76fcf,grfkmbrhbvcyahflqttl,GET,/auth/v1/user,null,200,1770183561574000
GET | 200 | 211.246.68.200 | 9c87d3bbb932d5ad | https://grfkmbrhbvcyahflqttl.supabase.co/auth/v1/user | node,d0da28da-d4bb-4fd0-b64a-6c06cb8d0d43,grfkmbrhbvcyahflqttl,GET,/auth/v1/user,null,200,1770183561561000
GET | 200 | 211.246.68.200 | 9c87d3bb7d783058 | https://grfkmbrhbvcyahflqttl.supabase.co/auth/v1/user | node,5499cd99-fe61-4b34-8191-e8bdc0f7d39b,grfkmbrhbvcyahflqttl,GET,/auth/v1/user,null,200,1770183561528000
GET | 200 | 211.246.68.200 | 9c87d3b57ba8aa7e | https://grfkmbrhbvcyahflqttl.supabase.co/auth/v1/user | node,d61db63e-f2d7-4a75-971f-ec9f928d258e,grfkmbrhbvcyahflqttl,GET,/auth/v1/user,null,200,1770183560568000
GET | 200 | 211.246.68.200 | 9c87d3b57daeea19 | https://grfkmbrhbvcyahflqttl.supabase.co/auth/v1/user | node,d64d9f20-377a-4638-9619-dca1df565f42,grfkmbrhbvcyahflqttl,GET,/auth/v1/user,null,200,1770183560563000
GET | 200 | 211.246.68.200 | 9c87d3b56a59c441 | https://grfkmbrhbvcyahflqttl.supabase.co/auth/v1/user | node,44f36e2c-5d80-40ae-8355-ba67135664e6,grfkmbrhbvcyahflqttl,GET,/auth/v1/user,null,200,1770183560562000
GET | 200 | 211.246.68.200 | 9c87d3b54fa5e879 | https://grfkmbrhbvcyahflqttl.supabase.co/auth/v1/user | node,510129dc-76a3-4919-8f65-cf1231aa6f90,grfkmbrhbvcyahflqttl,GET,/auth/v1/user,null,200,1770183560534000
GET | 200 | 211.246.68.200 | 9c87d3b53f013058 | https://grfkmbrhbvcyahflqttl.supabase.co/auth/v1/user | node,7ac49cc0-5260-4dac-b8c2-ab600b9ca130,grfkmbrhbvcyahflqttl,GET,/auth/v1/user,null,200,1770183560519000
GET | 200 | 211.246.68.200 | 9c87d3b53e4ed5ad | https://grfkmbrhbvcyahflqttl.supabase.co/auth/v1/user | node,7f616e77-5845-4e4f-aecd-a3be98958487,grfkmbrhbvcyahflqttl,GET,/auth/v1/user,null,200,1770183560517000
GET | 200 | 211.246.68.200 | 9c87d3847dfc30d3 | https://grfkmbrhbvcyahflqttl.supabase.co/auth/v1/user | node,fa4ca984-f6b4-4f9b-b8b0-b05f5f8b1c76,grfkmbrhbvcyahflqttl,GET,/auth/v1/user,null,200,1770183552723000
GET | 200 | 211.246.68.200 | 9c87d37c3cfd30d3 | https://grfkmbrhbvcyahflqttl.supabase.co/auth/v1/user | node,3078e634-3add-40a2-9735-2ce5f6ee578a,grfkmbrhbvcyahflqttl,GET,/auth/v1/user,null,200,1770183551401000
"GET | 200 | 211.246.68.200 | 9c87d372bff3a7bd | https://grfkmbrhbvcyahflqttl.supabase.co/auth/v1/user | Mozilla/5.0 (Windows NT 10.0; Win64; x64) AppleWebKit/537.36 (KHTML, like Gecko) Chrome/144.0.0.0 Safari/537.36",b40b5f6c-9073-46e3-8ec3-6ce67fe37430,grfkmbrhbvcyahflqttl,GET,/auth/v1/user,null,200,1770183549885000
GET | 200 | 211.246.68.200 | 9c87d3718a1c30d3 | https://grfkmbrhbvcyahflqttl.supabase.co/auth/v1/user | node,bb5a834b-3427-4471-bd47-1b1c80e37705,grfkmbrhbvcyahflqttl,GET,/auth/v1/user,null,200,1770183549689000
"GET | 200 | 211.246.68.200 | 9c87d3716f12a7bd | https://grfkmbrhbvcyahflqttl.supabase.co/auth/v1/user | Mozilla/5.0 (Windows NT 10.0; Win64; x64) AppleWebKit/537.36 (KHTML, like Gecko) Chrome/144.0.0.0 Safari/537.36",4886d0fd-ca20-471a-8e71-ad3b4dcdf4ca,grfkmbrhbvcyahflqttl,GET,/auth/v1/user,null,200,1770183549677000
GET | 200 | 211.246.68.200 | 9c87d370c899ea11 | https://grfkmbrhbvcyahflqttl.supabase.co/auth/v1/user | node,9c6a53e5-4d83-48ab-b550-75c222f8a545,grfkmbrhbvcyahflqttl,GET,/auth/v1/user,null,200,1770183549571000
GET | 200 | 211.246.68.200 | 9c87d36f9a69e9ff | https://grfkmbrhbvcyahflqttl.supabase.co/auth/v1/user | node,d90c9f33-c19e-40a5-95f8-774e62f436d0,grfkmbrhbvcyahflqttl,GET,/auth/v1/user,null,200,1770183549388000
GET | 200 | 211.246.68.200 | 9c87d36eef7e30d3 | https://grfkmbrhbvcyahflqttl.supabase.co/auth/v1/user | node,a4ec2bf9-a659-4949-b6f2-3314c57470a1,grfkmbrhbvcyahflqttl,GET,/auth/v1/user,null,200,1770183549271000
GET | 200 | 211.246.68.200 | 9c87d36cae49eaab | https://grfkmbrhbvcyahflqttl.supabase.co/auth/v1/user | node,9e671ce8-9603-4e97-a8a3-397000de5e93,grfkmbrhbvcyahflqttl,GET,/auth/v1/user,null,200,1770183548914000
GET | 200 | 211.246.68.200 | 9c87d36c9fc7ea11 | https://grfkmbrhbvcyahflqttl.supabase.co/auth/v1/user | node,13ffd7dc-673f-45b0-be80-767f7bfce272,grfkmbrhbvcyahflqttl,GET,/auth/v1/user,null,200,1770183548903000
GET | 200 | 211.246.68.200 | 9c87d36bdc7230d3 | https://grfkmbrhbvcyahflqttl.supabase.co/auth/v1/user | node,9dfb942f-c679-48aa-b176-3477d688e507,grfkmbrhbvcyahflqttl,GET,/auth/v1/user,null,200,1770183548794000
GET | 200 | 211.246.68.200 | 9c87d36be918ea33 | https://grfkmbrhbvcyahflqttl.supabase.co/auth/v1/user | node,109303c0-8462-4f9c-94c9-3e286b3bad5d,grfkmbrhbvcyahflqttl,GET,/auth/v1/user,null,200,1770183548792000
GET | 200 | 211.246.68.200 | 9c87d369ce60eaab | https://grfkmbrhbvcyahflqttl.supabase.co/auth/v1/user | node,4688e235-ad2b-497e-b674-c2d78dca54ef,grfkmbrhbvcyahflqttl,GET,/auth/v1/user,null,200,1770183548456000
GET | 200 | 211.246.68.200 | 9c87d3689d76e9ff | https://grfkmbrhbvcyahflqttl.supabase.co/auth/v1/user | node,32666fb1-209c-4c6f-bac4-055fb300fb05,grfkmbrhbvcyahflqttl,GET,/auth/v1/user,null,200,1770183548263000
GET | 200 | 211.246.68.200 | 9c87d3687a87305f | https://grfkmbrhbvcyahflqttl.supabase.co/auth/v1/user | node,93e7a97b-c641-4ca8-bf50-2e7d3d82d6bc,grfkmbrhbvcyahflqttl,GET,/auth/v1/user,null,200,1770183548241000
GET | 200 | 211.246.68.200 | 9c87d3685973ea11 | https://grfkmbrhbvcyahflqttl.supabase.co/auth/v1/user | node,6a015718-9022-4e22-a146-7e713d1df174,grfkmbrhbvcyahflqttl,GET,/auth/v1/user,null,200,1770183548222000
GET | 200 | 211.246.68.200 | 9c87d367bf9030d3 | https://grfkmbrhbvcyahflqttl.supabase.co/auth/v1/user | node,4a854351-f18a-450b-9f23-0e1d523baf69,grfkmbrhbvcyahflqttl,GET,/auth/v1/user,null,200,1770183548125000
GET | 200 | 211.246.68.200 | 9c87d3675a6dea33 | https://grfkmbrhbvcyahflqttl.supabase.co/auth/v1/user | node,751fee6f-3f27-4f0c-bbd9-97cb49ed9d96,grfkmbrhbvcyahflqttl,GET,/auth/v1/user,null,200,1770183548063000
GET | 200 | 211.246.68.200 | 9c87d3672ea9eaab | https://grfkmbrhbvcyahflqttl.supabase.co/auth/v1/user | node,fa0d9f31-a6bd-43f3-9ac8-f5614f5c6541,grfkmbrhbvcyahflqttl,GET,/auth/v1/user,null,200,1770183548034000
GET | 200 | 211.246.68.200 | 9c87d36468d8ea9b | https://grfkmbrhbvcyahflqttl.supabase.co/auth/v1/user | node,00ce0366-f1d3-4e38-a951-c2f2cd489db2,grfkmbrhbvcyahflqttl,GET,/auth/v1/user,null,200,1770183547593000
GET | 200 | 211.246.68.200 | 9c87d3645eeae9ff | https://grfkmbrhbvcyahflqttl.supabase.co/auth/v1/user | node,28efad7b-9a6c-41be-b635-9b0e2fbb1e66,grfkmbrhbvcyahflqttl,GET,/auth/v1/user,null,200,1770183547586000
GET | 200 | 211.246.68.200 | 9c87d3644f26eaab | https://grfkmbrhbvcyahflqttl.supabase.co/auth/v1/user | node,cf573e91-530d-4bf0-a329-abf582579e63,grfkmbrhbvcyahflqttl,GET,/auth/v1/user,null,200,1770183547573000
GET | 200 | 211.246.68.200 | 9c87d3641e56305f | https://grfkmbrhbvcyahflqttl.supabase.co/auth/v1/user | node,8082dd51-b710-4518-b35c-9408ed139804,grfkmbrhbvcyahflqttl,GET,/auth/v1/user,null,200,1770183547541000
GET | 200 | 211.246.68.200 | 9c87d363a8ffea11 | https://grfkmbrhbvcyahflqttl.supabase.co/auth/v1/user | node,1ab4753a-1383-48ce-bcba-ec9beb86f4b9,grfkmbrhbvcyahflqttl,GET,/auth/v1/user,null,200,1770183547473000
GET | 200 | 211.246.68.200 | 9c87d3635e04ea33 | https://grfkmbrhbvcyahflqttl.supabase.co/auth/v1/user | node,e631ab7c-a011-4fbb-bbac-62316a7da268,grfkmbrhbvcyahflqttl,GET,/auth/v1/user,null,200,1770183547421000
GET | 200 | 211.246.68.200 | 9c87d3625a1630d3 | https://grfkmbrhbvcyahflqttl.supabase.co/auth/v1/user | node,f9e4652e-8fe9-454a-9500-2c5a46a2a9e1,grfkmbrhbvcyahflqttl,GET,/auth/v1/user,null,200,1770183547266000
GET | 200 | 211.246.68.200 | 9c87d3621afaea11 | https://grfkmbrhbvcyahflqttl.supabase.co/auth/v1/user | node,26569feb-7d4b-4d9b-8909-76d6378e5fe5,grfkmbrhbvcyahflqttl,GET,/auth/v1/user,null,200,1770183547223000
GET | 200 | 211.246.68.200 | 9c87d360acdaea33 | https://grfkmbrhbvcyahflqttl.supabase.co/auth/v1/user | node,339b3909-bbb0-407e-a6c7-7e43d4db5fc7,grfkmbrhbvcyahflqttl,GET,/auth/v1/user,null,200,1770183546994000
GET | 200 | 211.246.68.200 | 9c87d36058eae9ff | https://grfkmbrhbvcyahflqttl.supabase.co/auth/v1/user | node,c3495f4a-d702-4996-a7d3-202e2f9a9e74,grfkmbrhbvcyahflqttl,GET,/auth/v1/user,null,200,1770183546943000
GET | 200 | 211.246.68.200 | 9c87d3603b19eaab | https://grfkmbrhbvcyahflqttl.supabase.co/auth/v1/user | node,b9d81ca9-0a7e-4a92-a58d-8b950da94aaa,grfkmbrhbvcyahflqttl,GET,/auth/v1/user,null,200,1770183546925000
GET | 200 | 211.246.68.200 | 9c87d35fea8f305f | https://grfkmbrhbvcyahflqttl.supabase.co/auth/v1/user | node,1b3b4d9e-a24d-456d-8bfc-e5fcfeb5b513,grfkmbrhbvcyahflqttl,GET,/auth/v1/user,null,200,1770183546879000
"GET | 200 | 211.246.68.200 | 9c87d35f68ffa7bd | https://grfkmbrhbvcyahflqttl.supabase.co/auth/v1/user | Mozilla/5.0 (Windows NT 10.0; Win64; x64) AppleWebKit/537.36 (KHTML, like Gecko) Chrome/144.0.0.0 Safari/537.36",c9628f9f-81c2-43b3-bd12-2260a5086a91,grfkmbrhbvcyahflqttl,GET,/auth/v1/user,null,200,1770183546799000
GET | 200 | 211.246.68.200 | 9c87d35e3dbe30d3 | https://grfkmbrhbvcyahflqttl.supabase.co/auth/v1/user | node,45eb9fce-5038-4b0f-bebd-a84bd366b46e,grfkmbrhbvcyahflqttl,GET,/auth/v1/user,null,200,1770183546608000
"GET | 200 | 211.246.68.200 | 9c87d35df807a7bd | https://grfkmbrhbvcyahflqttl.supabase.co/auth/v1/user | Mozilla/5.0 (Windows NT 10.0; Win64; x64) AppleWebKit/537.36 (KHTML, like Gecko) Chrome/144.0.0.0 Safari/537.36",866ec3da-7282-474a-9a18-253d5d0fe143,grfkmbrhbvcyahflqttl,GET,/auth/v1/user,null,200,1770183546569000
GET | 200 | 211.246.68.200 | 9c87d35e0e55ea11 | https://grfkmbrhbvcyahflqttl.supabase.co/auth/v1/user | node,7f6b4ee5-9b16-4d5e-a97e-c7c2f60bcfa9,grfkmbrhbvcyahflqttl,GET,/auth/v1/user,null,200,1770183546567000
GET | 200 | 211.246.68.200 | 9c87d35cffa0305f | https://grfkmbrhbvcyahflqttl.supabase.co/auth/v1/user | node,9e65c684-e666-4817-8837-bfc1132bcd60,grfkmbrhbvcyahflqttl,GET,/auth/v1/user,null,200,1770183546400000
GET | 200 | 211.246.68.200 | 9c87d359ec4a305f | https://grfkmbrhbvcyahflqttl.supabase.co/auth/v1/user | node,5eb40efc-8735-4cd0-b3a8-be69acde1e62,grfkmbrhbvcyahflqttl,GET,/auth/v1/user,null,200,1770183545913000
GET | 200 | 211.246.68.200 | 9c87d359d8c030d3 | https://grfkmbrhbvcyahflqttl.supabase.co/auth/v1/user | node,c9d0e792-1306-4030-8fce-57b0e8087154,grfkmbrhbvcyahflqttl,GET,/auth/v1/user,null,200,1770183545907000
GET | 200 | 211.246.68.200 | 9c87d359d96cea11 | https://grfkmbrhbvcyahflqttl.supabase.co/auth/v1/user | node,9f32a6da-ff49-4c60-af61-6c540217de89,grfkmbrhbvcyahflqttl,GET,/auth/v1/user,null,200,1770183545901000
GET | 200 | 211.246.68.200 | 9c87d35678c3305f | https://grfkmbrhbvcyahflqttl.supabase.co/auth/v1/user | node,644760b6-c882-40aa-90e3-9aa15ef40718,grfkmbrhbvcyahflqttl,GET,/auth/v1/user,null,200,1770183545364000
GET | 200 | 211.246.68.200 | 9c87d3549eb0305f | https://grfkmbrhbvcyahflqttl.supabase.co/auth/v1/user | node,4f7a98c6-ab4d-464c-8362-248dffb8ca77,grfkmbrhbvcyahflqttl,GET,/auth/v1/user,null,200,1770183545079000
GET | 200 | 211.246.68.200 | 9c87d3549f15ea11 | https://grfkmbrhbvcyahflqttl.supabase.co/auth/v1/user | node,793068e4-cfcc-45a0-b75c-709740dd650b,grfkmbrhbvcyahflqttl,GET,/auth/v1/user,null,200,1770183545062000
GET | 200 | 211.246.68.200 | 9c87d3522f1eea11 | https://grfkmbrhbvcyahflqttl.supabase.co/auth/v1/user | node,ab481aaa-6a11-40bb-84c1-a56335d6c456,grfkmbrhbvcyahflqttl,GET,/auth/v1/user,null,200,1770183544673000
GET | 200 | 211.246.68.200 | 9c87d34f78b6305f | https://grfkmbrhbvcyahflqttl.supabase.co/auth/v1/user | node,9b563426-7d76-472b-8f21-b8ef35afe518,grfkmbrhbvcyahflqttl,GET,/auth/v1/user,null,200,1770183544248000
GET | 200 | 211.246.68.200 | 9c87d34f5d78ea11 | https://grfkmbrhbvcyahflqttl.supabase.co/auth/v1/user | node,a2ac8756-1add-4b3e-8344-8c5de04faf69,grfkmbrhbvcyahflqttl,GET,/auth/v1/user,null,200,1770183544221000
GET | 200 | 211.246.68.200 | 9c87d34f1ccc30d3 | https://grfkmbrhbvcyahflqttl.supabase.co/auth/v1/user | node,570eb119-e1b6-4d28-98e2-be988bb81b66,grfkmbrhbvcyahflqttl,GET,/auth/v1/user,null,200,1770183544188000
GET | 200 | 211.246.68.200 | 9c87d3179f77322a | https://grfkmbrhbvcyahflqttl.supabase.co/auth/v1/user | node,8f25a6a6-575a-4dfd-bbaa-eaf75c25fe24,grfkmbrhbvcyahflqttl,GET,/auth/v1/user,null,200,1770183535304000
GET | 200 | 211.246.68.200 | 9c87d3179b94e620 | https://grfkmbrhbvcyahflqttl.supabase.co/auth/v1/user | node,9797edc7-c017-441c-928e-9013486c8f2e,grfkmbrhbvcyahflqttl,GET,/auth/v1/user,null,200,1770183535303000
GET | 200 | 211.246.68.200 | 9c87d278fd63d1e1 | https://grfkmbrhbvcyahflqttl.supabase.co/auth/v1/user | node,0f219f2f-7570-4838-9cac-2f9de6f47a7f,grfkmbrhbvcyahflqttl,GET,/auth/v1/user,null,200,1770183509939000
GET | 200 | 211.246.68.200 | 9c87d278ff0af804 | https://grfkmbrhbvcyahflqttl.supabase.co/auth/v1/user | node,4b3b02f5-ed69-46a8-9f6d-a93bc56ee461,grfkmbrhbvcyahflqttl,GET,/auth/v1/user,null,200,1770183509922000
GET | 200 | 211.246.68.200 | 9c87d272acfbc9fd | https://grfkmbrhbvcyahflqttl.supabase.co/auth/v1/user | node,f94b68b9-4a47-491e-9e9a-e7e753ef6d0e,grfkmbrhbvcyahflqttl,GET,/auth/v1/user,null,200,1770183508914000